Nombre completo,Correo electrónico,Teléfono,Ciudad
Brittany Adams,joshua56@example.org,665-495-9903x88446,South Amyport
Hannah Bailey,matthewmartin@example.net,574.967.7405x1867,Port Kevinside
Greg Stewart,vargasjohn@example.net,(372)622-6081,West Melissa
Derek Garrett,gary96@example.com,001-939-501-5679,Hillside
Robert Wright,mrodriguez@example.org,616.876.3757x649,Port Cynthiashire
William Stone,kathryn86@example.net,303-118-3892x645,Michelefort
James Jimenez,garciawilliam@example.net,834-855-5273x24421,East Michaelstad
Tyler Evans,derekyoung@example.org,(316)031-3440x51132,East Sara
Kimberly Ryan,sreid@example.net,361.892.3919,Francisside
Ashley Swanson,williamcooley@example.com,+1-437-889-7185,Victoriashire
Cheyenne Floyd,jonesamy@example.org,097-982-3588x6352,Lake Frankmouth
Kenneth Garcia,garzaregina@example.net,879.878.7890,North Penny
Mark Richmond,sali@example.com,559-820-1723x6613,North Carmen
Gina Smith,christina25@example.com,+1-333-448-4563,Port Kathy
Paul Campbell,joshuahuffman@example.net,1528559457,Markberg
Karen Collier,rodriguezlisa@example.com,001-801-454-8750x87585,Leonfurt
Kimberly Jones,draketara@example.com,+1-379-388-7650x04610,Port Veronica
Alexander Mann,christinajackson@example.org,864.243.2281x318,Fernandezmouth
Pamela Jenkins,rjackson@example.com,(083)845-4688,Emilyview
Susan Clark,ebeasley@example.org,229-482-2162x72596,North Susanstad
Tracy Allen,millerchristine@example.net,001-621-884-7266x2604,Raymondside
Nathan Goodwin,burnettdiane@example.net,+1-720-645-6973,Howardchester
Jesse Yates,marcusevans@example.com,5767662869,Hendersonshire
Holly Dougherty,wallerjennifer@example.net,179.178.5084,Tylerport
Jay Lee,sanchezjermaine@example.com,001-421-432-2275,Port Danielle
Beverly Holloway,awagner@example.com,7134627086,New Laura
Cindy Mathews,kathleenhernandez@example.com,077.258.2339x4045,Port Christopher
Karen Orozco,karen76@example.com,187.316.5293x4362,Danielleton
Maria May,jonessteven@example.net,752-953-7621x704,Port Jessicaberg
Johnny Smith,brettcole@example.com,9644255459,North Williambury
Ryan White,bsmith@example.org,001-507-719-9497,Port Crystalton
Laura Martinez DVM,bjackson@example.org,633-674-3811,Andersontown
Briana Goodman,kingkelsey@example.org,177-697-3269x773,Davidbury
Kimberly Martin,kathrynwebster@example.net,001-466-526-5188x498,Campbellside
Cindy Reese,mark01@example.org,+1-626-267-3223x981,Leefort
Keith Miller,rosschristopher@example.net,6718018203,Georgefort
Michael Carey,joshuakelly@example.net,+1-297-194-2132x81952,New Gregburgh
Melissa Garza,alexiscervantes@example.net,(851)821-7449x201,Kimberlytown
Brittany Higgins,hector80@example.net,760-597-6386,North Julie
Eric Blair,michaelgomez@example.com,+1-796-093-1027x59004,Erinport
Jerry Smith,fulleraustin@example.net,629-592-1411,Johnbury
Dana Harper,kathyhudson@example.org,1955036582,Chavezburgh
Kara Wyatt,jacob88@example.net,+1-812-425-2754x6189,Crawfordmouth
Jeffery Smith,michaellowe@example.net,001-110-883-9428x7394,Port Scott
Brandy Hall,myersdaniel@example.net,761.295.4269,Molinashire
Susan Peters,gramirez@example.net,001-243-668-1048x2716,North Karentown
David Kelley,qcooper@example.org,(721)101-7958x1582,Edwardsfort
Heidi Harris,jfischer@example.org,(943)338-3305x986,West Amanda
Lindsey Horn,castillosummer@example.org,527-549-6609,Careyland
Rebecca Henry,clarence15@example.net,(580)067-6107x7311,Lake Christopherstad
Charles Ramsey,kylemorris@example.com,(157)698-5001x07906,Nicholsland
Denise Young,uwilliams@example.com,(780)622-0460x4828,Port Ryan
Brenda Hale,garnerjeffrey@example.com,613.736.2771x978,Lake Stephaniehaven
Shane Myers,ericksonmatthew@example.org,+1-027-121-7066x6521,Floreston
Holly Wade,nathan27@example.net,+1-147-207-3994,South Nataliebury
Jessica Wilson,robert60@example.com,2082302100,East David
Emily Castillo,johncollier@example.com,282.643.4813,Trujillomouth
Chelsea Duncan,jessica84@example.org,(670)690-8548x3217,New Jennifer
Kent Lee,courtneytrujillo@example.com,(471)940-8355x9143,Escobarside
Steven Morris,brett67@example.net,001-912-529-5245x1078,New Andrew
Kristen Medina,christine67@example.com,(256)017-0059,East Haley
Joe Howard,kristie07@example.net,+1-994-681-5428x0162,Robertsfurt
Kayla Pittman,mbowman@example.net,001-245-457-5796,Normanberg
Chelsey Cruz,raymondanderson@example.org,164.509.0609x8704,North Francesberg
Wendy Andrews,turnerjames@example.net,475-309-7232,Johnmouth
Todd Lee,lauren81@example.com,(818)637-1015,New Jessica
Terry Mcfarland,adamsderrick@example.com,(543)940-9970x853,South Georgehaven
Kelly Brown,zrice@example.net,928.108.9979x023,South Amy
Paula Mayo,brownbonnie@example.com,087-037-5383x52237,Haleshire
Todd Nicholson,megan59@example.org,001-962-649-7300x727,Jacksonbury
Jane Brown,fpalmer@example.com,+1-807-862-7877x905,New Dustinland
Melanie Flynn,washingtonbrianna@example.com,834-032-2865x568,New Audrey
Gabrielle Farley,hooverdennis@example.com,222.359.1885,East Rachel
Jonathan Taylor,michaelsmith@example.org,+1-892-678-3700x221,New Jose
Abigail Gonzalez,loriparks@example.com,3549386232,East Deborah
Benjamin Thomas,yhull@example.net,001-469-469-9631x710,New Elizabeth
Christopher Osborne,elaine50@example.net,171.502.5009,North Colleenland
Justin Johnson,fhale@example.org,001-272-763-3288x96700,Port Michelle
Cory Hall,castillojoshua@example.org,787.934.1032x8609,Warnerton
Donna Sweeney,dgilmore@example.com,969.998.7754x04865,Ronaldburgh
Julie Morrow,framos@example.org,068-315-2160x673,Port Kimberlyfort
Christina Myers,tjones@example.com,(960)667-1928x2289,Lake Tiffany
Courtney Ferrell,dwayne48@example.com,258.693.4201x96362,Port Christina
Jimmy Young,david01@example.org,134.823.3711x41732,Lake Williamshire
Rebecca Hill,antoniowade@example.net,(118)836-3093,Morrisonstad
Mark Mcmahon,charris@example.net,+1-691-314-3935x21377,East Morgan
Shawna Harrison,erica22@example.org,(905)807-3518,Thomasburgh
Lisa Perez,daniel08@example.com,+1-320-992-6980x6860,Sellersshire
Scott Hall MD,bmartin@example.com,+1-305-019-0552x9281,Grahamview
George Richards,kiddmichael@example.com,(852)287-1890x5701,Williamfort
Victoria Gonzalez,eewing@example.org,(873)273-2967,Brianhaven
Joseph Case,thomasmark@example.net,336-021-2930x2050,Bradyland
Renee Lyons,ywright@example.net,001-336-988-3918,Lake Paulchester
Kevin Ortega,ericawallace@example.org,7033937228,Lake Samantha
Justin Crawford,dunnallison@example.com,(831)409-5595x43239,Lyonsbury
Stacy Odonnell,dave99@example.net,001-228-969-4537,West Matthew
Laura May,william01@example.com,001-664-552-1307x5559,Lauraburgh
John Barber,mwilliamson@example.org,001-618-925-7895x4181,East Angela
Stephanie Williams,morrisscott@example.com,152-549-7452,Hernandezmouth
David Becker,natashayoung@example.org,104-845-4990,Martintown
